,gen,fitness,fitness_std,fitness_max,fitness_min
0,0,-24999.382692307692,43301.62659198904,0.8461538461538461,-100000.0
1,1,0.821153846153846,0.024851630737154025,0.8461538461538461,0.7615384615384615
2,2,0.8403846153846153,0.008382497968347452,0.8461538461538461,0.823076923076923
3,3,0.8413461538461537,0.01328872592412045,0.853846153846154,0.8076923076923077
