,gen,fitness,fitness_std,fitness_max,fitness_min
0,0,0.826153846153846,0.027131064751612907,0.8692307692307694,0.7846153846153847
1,1,0.8492307692307692,0.01656973786810623,0.8692307692307694,0.823076923076923
2,2,0.8615384615384617,0.00973008510821047,0.8692307692307694,0.8461538461538461
3,3,0.8676923076923078,0.004615384615384665,0.8692307692307694,0.8538461538461538
4,4,0.8692307692307695,1.1102230246251565e-16,0.8692307692307694,0.8692307692307694
5,5,0.867692307692308,0.004615384615384665,0.8692307692307694,0.8538461538461538
