,gen,fitness,fitness_std,fitness_max,fitness_min
0,0,0.7498134399390824,0.0037100068412141145,0.7529221397296783,0.7393108699790596
1,1,0.7509803921568627,0.0008683759135921411,0.7529221397296783,0.7490386445840472
2,2,0.751757091185989,0.0009512581525371452,0.7529221397296783,0.7509803921568627
3,3,0.7523396154578336,0.0008898205232923855,0.7529221397296783,0.7509803921568627
4,4,0.7531163144869598,0.002205401299339905,0.7568056348753094,0.7490386445840472
5,5,0.7550580620597754,0.002027243982312752,0.7568056348753094,0.7509803921568627
