,gen,fitness,fitness_std,fitness_max,fitness_min
0,0,0.8192307692307692,0.025103336726278045,0.8615384615384615,0.7769230769230768
1,1,0.8330769230769229,0.009760444261884282,0.8461538461538464,0.8076923076923077
2,2,0.8469230769230768,0.00873678207046202,0.8615384615384617,0.8307692307692307
3,3,0.8507692307692306,0.005102499677469874,0.8615384615384617,0.8461538461538461
4,4,0.85,0.007882269819968968,0.8615384615384617,0.8384615384615385
5,5,0.85,0.003846153846153877,0.853846153846154,0.8461538461538461
