,gen,fitness,fitness_std,fitness_max,fitness_min
0,0,-39999.512307692305,48990.19305477025,0.8538461538461537,-100000.0
1,1,-9999.251538461538,30000.249487186673,0.8538461538461537,-100000.0
2,2,0.8423076923076923,0.021825016860170934,0.8692307692307694,0.8076923076923077
3,3,0.849230769230769,0.013411996749355943,0.8615384615384617,0.823076923076923
4,4,0.8461538461538461,0.016135520741079323,0.8615384615384617,0.823076923076923
5,5,0.8600000000000001,0.008970695222838951,0.8769230769230768,0.8384615384615384
